1,https://www.instagram.com/p/CJsy4bIDP15/?img_index=1,sym3367,21.01.06,
2,https://www.instagram.com/p/CHnE_Qdj0nR/?img_index=1,sym3367,20.11.15,
3,https://www.instagram.com/p/BmdHmsUh_Ul/,sym3367,18.08.14,
4,https://www.instagram.com/p/C_sn_aQNjbY/,jsm_hair_bookyung,24.09.09,
5,https://www.instagram.com/p/C-HAXnbCJ-_/,jsm_hair_bookyung,24.08.04,
6,https://www.instagram.com/p/DOfeCkikrVM/?img_index=1,jsm_hair_bookyung,25.09.12,
7,https://www.instagram.com/p/C-FYGwdJ_TM/,jsm_hair_bookyung,24.07.31,
8,https://www.instagram.com/p/C6LV3AEPluQ/,kanghany,24.04.25,
9,https://www.instagram.com/p/DQbYDZ9Eycr/?img_index=1,hyejin0323,25.10.31,
10,https://www.instagram.com/p/DO1tV0EEx-Z/,hyejin0323,25.09.21,
11,https://www.instagram.com/p/DNDaQyzJbfy/?img_index=1,hyejin0323,25.08.07,
12,https://www.instagram.com/p/DLkE0wkpwc5/,hyejin0323,25.07.01,
13,https://www.instagram.com/p/DJS96GrPajM/?img_index=1,hyejin0323,25.05.06,
14,https://www.instagram.com/p/DIigBwjJbyd/,hyejin0323,25.04.17,
15,https://www.instagram.com/p/C6JDflyJ3Mg/,sunny__y2,24.04.24,
16,https://www.instagram.com/p/C6i5eeopkdP/,sunny__y2,24.05.04,
17,https://www.instagram.com/p/CIUhVvzDsHE/?img_index=1,kimikoung,20.12.03,
18,https://www.instagram.com/p/CISEVF5jERW/?img_index=1,kimikoung,20.12.02,
19,https://www.instagram.com/p/CISEGKhDWfV/?img_index=1,kimikoung,20.12.02,
20,https://www.instagram.com/p/CISD_Iyjf7l/?img_index=1,kimikoung,20.12.02,
21,https://www.instagram.com/p/CISD4zmDSt5/?img_index=1,kimikoung,20.12.02,
22,https://www.instagram.com/p/CISDvvHjHND/,kimikoung,20.12.02,
23,https://www.instagram.com/p/CISGatsjHTJ/?img_index=1,kimikoung,20.12.02,
24,https://www.instagram.com/p/DBZ9uhHz4zn/?img_index=1,joooooooooovvvvv,24.10.22,
25,https://www.instagram.com/p/C-w5OuGvhy7/,joooooooooovvvvv,24.08.17,
26,https://www.instagram.com/p/C7WizKuPCI3/,joooooooooovvvvv,24.05.24,
27,https://www.instagram.com/p/CwHirx1qAHd/,joooooooooovvvvv,23.08.19,
28,https://www.instagram.com/p/CoWEA2eDQ43/,joooooooooovvvvv,23.02.07,
29,https://www.instagram.com/p/DQGYmkvie09/,lky88,25.10.22,
30,https://www.instagram.com/p/DOzr0S5CEXP/,lky88,25.09.20,
31,https://www.instagram.com/p/DMUbiR5zynk/?img_index=1,lky88,25.07.20,
32,https://www.instagram.com/p/DJUBcvaT-57/?img_index=1,lky88,25.05.06,
33,https://www.instagram.com/p/DM9EZrQTKu2/,jsm_vin,25.08.05,
34,https://www.instagram.com/p/DBjH1h1TK3J/?img_index=1,jsm_vin,24.10.25,
35,https://www.instagram.com/p/DD6cu2Tz8N9/?img_index=2,jsm_vin,24.12.23,
36,https://www.instagram.com/p/CIYHqGEJVrt/,mihae0402,20.12.04,
37,https://www.instagram.com/p/Cbg-4FWuKzD/?img_index=1,mihae0402,22.03.25,
38,https://www.instagram.com/p/DLEv3yQTteM/?img_index=1,yunjeong.hairstylist,25.06.19,
39,https://www.instagram.com/p/DDnT3HKz4Ia/,yunjeong.hairstylist,24.12.16,
40,https://www.instagram.com/p/C6kYTMkyqpK/,ju_dahuin,24.05.05,
41,https://www.instagram.com/p/DIDTSd0P2Q5/?img_index=1,ju_dahuin,25.04.05,
42,https://www.instagram.com/p/DQPBWToD0pD/?img_index=1,just_sonjoohee,25.10.25,
43,https://www.instagram.com/p/DPtRbFZD6Ca/,just_sonjoohee,25.10.12,
44,https://www.instagram.com/p/DOSQ8tID7VI/,just_sonjoohee,25.09.07,
45,https://www.instagram.com/p/DMFy1fZvFCh/,just_sonjoohee,25.07.14,
46,https://www.instagram.com/p/DLtg3qOvzW-/,just_sonjoohee,25.07.05,
47,https://www.instagram.com/p/DLQ2P9KTqy-/,just_sonjoohee,25.06.24,
48,https://www.instagram.com/p/DLBPYSYzHrU/,just_sonjoohee,25.06.18,
49,https://www.instagram.com/p/DGroOfzvTBS/,just_sonjoohee,25.03.02,
50,https://www.instagram.com/p/DD0qT0JvIiZ/,just_sonjoohee,24.12.21,
51,https://www.instagram.com/p/DBulIswhp43/,just_sonjoohee,24.10.30,
52,https://www.instagram.com/p/C3HK2LhvAI-/,just_sonjoohee,24.02.09,
53,https://www.instagram.com/p/C218zlLPfjX/,just_sonjoohee,24.02.02,
